unit_index,stage_name,output_file_count,output_filesize_byte,input_nanosecond,output_frame_count,report_interval_picosecond
unit.000000,generate_MD_stage,4,259019171,50.0,1000,50.0
unit.000001,generate_MD_stage,4,259019156,50.0,1000,50.0
unit.000002,generate_MD_stage,4,259019137,50.0,1000,50.0
unit.000003,generate_MD_stage,4,259019131,50.0,1000,50.0
unit.000004,generate_MD_stage,4,259019158,50.0,1000,50.0
unit.000005,generate_MD_stage,4,259019150,50.0,1000,50.0
unit.000006,generate_MD_stage,4,259019110,50.0,1000,50.0
unit.000007,generate_MD_stage,4,259019175,50.0,1000,50.0
unit.000008,generate_MD_stage,4,259019137,50.0,1000,50.0
unit.000009,generate_MD_stage,4,259019169,50.0,1000,50.0
unit.000010,generate_MD_stage,4,259019131,50.0,1000,50.0
unit.000011,generate_MD_stage,4,259019141,50.0,1000,50.0
unit.000012,generate_MD_stage,4,259019164,50.0,1000,50.0
unit.000013,generate_MD_stage,4,259019170,50.0,1000,50.0
unit.000014,generate_MD_stage,4,259019178,50.0,1000,50.0
unit.000015,generate_MD_stage,4,259019129,50.0,1000,50.0
unit.000016,generate_MD_stage,4,259019171,50.0,1000,50.0
unit.000017,generate_MD_stage,4,259019156,50.0,1000,50.0
unit.000018,generate_MD_stage,4,259019140,50.0,1000,50.0
unit.000019,generate_MD_stage,4,259019150,50.0,1000,50.0
unit.000020,generate_MD_stage,4,259019169,50.0,1000,50.0
unit.000021,generate_MD_stage,4,259019164,50.0,1000,50.0
unit.000022,generate_MD_stage,4,259019171,50.0,1000,50.0
unit.000023,generate_MD_stage,4,259019161,50.0,1000,50.0
unit.000024,generate_MD_stage,4,259019124,50.0,1000,50.0
unit.000025,generate_MD_stage,4,259019126,50.0,1000,50.0
unit.000026,generate_MD_stage,4,259019190,50.0,1000,50.0
unit.000027,generate_MD_stage,4,259019150,50.0,1000,50.0
unit.000028,generate_MD_stage,4,259019186,50.0,1000,50.0
unit.000029,generate_MD_stage,4,259019139,50.0,1000,50.0
unit.000030,generate_MD_stage,4,259019147,50.0,1000,50.0
unit.000031,generate_MD_stage,4,259019135,50.0,1000,50.0
unit.000032,generate_MD_stage,4,259019162,50.0,1000,50.0
unit.000033,generate_MD_stage,4,259019169,50.0,1000,50.0
unit.000034,generate_MD_stage,4,259019164,50.0,1000,50.0
unit.000035,generate_MD_stage,4,259019133,50.0,1000,50.0
unit.000036,generate_MD_stage,4,259019182,50.0,1000,50.0
unit.000037,generate_MD_stage,4,259019192,50.0,1000,50.0
unit.000038,generate_MD_stage,4,259019168,50.0,1000,50.0
unit.000039,generate_MD_stage,4,259019149,50.0,1000,50.0
unit.000040,generate_MD_stage,4,259019155,50.0,1000,50.0
unit.000041,generate_MD_stage,4,259019158,50.0,1000,50.0
unit.000042,generate_MD_stage,4,259019191,50.0,1000,50.0
unit.000043,generate_MD_stage,4,259019166,50.0,1000,50.0
unit.000044,generate_MD_stage,4,259019190,50.0,1000,50.0
unit.000045,generate_MD_stage,4,259019164,50.0,1000,50.0
unit.000046,generate_MD_stage,4,259019164,50.0,1000,50.0
unit.000047,generate_MD_stage,4,259019159,50.0,1000,50.0
unit.000048,generate_MD_stage,4,259019172,50.0,1000,50.0
unit.000049,generate_MD_stage,4,259019193,50.0,1000,50.0
unit.000050,generate_MD_stage,4,259019181,50.0,1000,50.0
unit.000051,generate_MD_stage,4,259019175,50.0,1000,50.0
unit.000052,generate_MD_stage,4,259019181,50.0,1000,50.0
unit.000053,generate_MD_stage,4,259019172,50.0,1000,50.0
unit.000054,generate_MD_stage,4,259019171,50.0,1000,50.0
unit.000055,generate_MD_stage,4,259019191,50.0,1000,50.0
unit.000056,generate_MD_stage,4,259019196,50.0,1000,50.0
unit.000057,generate_MD_stage,4,259019194,50.0,1000,50.0
unit.000058,generate_MD_stage,4,259019153,50.0,1000,50.0
unit.000059,generate_MD_stage,4,259019163,50.0,1000,50.0
unit.000060,generate_MD_stage,4,259019160,50.0,1000,50.0
unit.000061,generate_MD_stage,4,259019153,50.0,1000,50.0
unit.000062,generate_MD_stage,4,259019143,50.0,1000,50.0
unit.000063,generate_MD_stage,4,259019169,50.0,1000,50.0
unit.000064,generate_MD_stage,4,259019182,50.0,1000,50.0
unit.000065,generate_MD_stage,4,259019161,50.0,1000,50.0
unit.000066,generate_MD_stage,4,259019177,50.0,1000,50.0
unit.000067,generate_MD_stage,4,259019154,50.0,1000,50.0
unit.000068,generate_MD_stage,4,259019161,50.0,1000,50.0
unit.000069,generate_MD_stage,4,259019152,50.0,1000,50.0
unit.000070,generate_MD_stage,4,259019151,50.0,1000,50.0
unit.000071,generate_MD_stage,4,259019166,50.0,1000,50.0
unit.000072,generate_MD_stage,4,259019139,50.0,1000,50.0
unit.000073,generate_MD_stage,4,259019176,50.0,1000,50.0
unit.000074,generate_MD_stage,4,259019175,50.0,1000,50.0
unit.000075,generate_MD_stage,4,259019174,50.0,1000,50.0
unit.000076,generate_MD_stage,4,259019144,50.0,1000,50.0
unit.000077,generate_MD_stage,4,259019170,50.0,1000,50.0
unit.000078,generate_MD_stage,4,259019154,50.0,1000,50.0
unit.000079,generate_MD_stage,4,259019158,50.0,1000,50.0
unit.000080,generate_MD_stage,4,259019148,50.0,1000,50.0
unit.000081,generate_MD_stage,4,259019135,50.0,1000,50.0
unit.000082,generate_MD_stage,4,259019152,50.0,1000,50.0
unit.000083,generate_MD_stage,4,259019158,50.0,1000,50.0
unit.000084,generate_MD_stage,4,259019162,50.0,1000,50.0
unit.000085,generate_MD_stage,4,259019149,50.0,1000,50.0
unit.000086,generate_MD_stage,4,259019140,50.0,1000,50.0
unit.000087,generate_MD_stage,4,259019163,50.0,1000,50.0
unit.000088,generate_MD_stage,4,259019161,50.0,1000,50.0
unit.000089,generate_MD_stage,4,259019148,50.0,1000,50.0
unit.000090,generate_MD_stage,4,259019160,50.0,1000,50.0
unit.000091,generate_MD_stage,4,259019159,50.0,1000,50.0
unit.000092,generate_MD_stage,4,259019188,50.0,1000,50.0
unit.000093,generate_MD_stage,4,259019153,50.0,1000,50.0
unit.000094,generate_MD_stage,4,259019169,50.0,1000,50.0
unit.000095,generate_MD_stage,4,259019166,50.0,1000,50.0
unit.000096,generate_MD_stage,4,259019162,50.0,1000,50.0
unit.000097,generate_MD_stage,4,259019169,50.0,1000,50.0
unit.000098,generate_MD_stage,4,259019191,50.0,1000,50.0
unit.000099,generate_MD_stage,4,259019152,50.0,1000,50.0
unit.000100,generate_MD_stage,4,259019180,50.0,1000,50.0
unit.000101,generate_MD_stage,4,259019190,50.0,1000,50.0
unit.000102,generate_MD_stage,4,259019148,50.0,1000,50.0
unit.000103,generate_MD_stage,4,259019155,50.0,1000,50.0
unit.000104,generate_MD_stage,4,259019139,50.0,1000,50.0
unit.000105,generate_MD_stage,4,259019165,50.0,1000,50.0
unit.000106,generate_MD_stage,4,259019134,50.0,1000,50.0
unit.000107,generate_MD_stage,4,259019157,50.0,1000,50.0
unit.000108,generate_MD_stage,4,259019144,50.0,1000,50.0
unit.000109,generate_MD_stage,4,259019175,50.0,1000,50.0
unit.000110,generate_MD_stage,4,259019151,50.0,1000,50.0
unit.000111,generate_MD_stage,4,259019168,50.0,1000,50.0
unit.000112,generate_MD_stage,4,259019141,50.0,1000,50.0
unit.000113,generate_MD_stage,4,259019152,50.0,1000,50.0
unit.000114,generate_MD_stage,4,259019138,50.0,1000,50.0
unit.000115,generate_MD_stage,4,259019162,50.0,1000,50.0
unit.000116,generate_MD_stage,4,259019181,50.0,1000,50.0
unit.000117,generate_MD_stage,4,259019166,50.0,1000,50.0
unit.000118,generate_MD_stage,4,259019134,50.0,1000,50.0
unit.000119,generate_MD_stage,4,259019153,50.0,1000,50.0
unit.000120,generate_MD_stage,4,259019208,50.0,1000,50.0
unit.000121,generate_MD_stage,4,259019139,50.0,1000,50.0
unit.000122,generate_MD_stage,4,259019180,50.0,1000,50.0
unit.000123,generate_MD_stage,4,259019138,50.0,1000,50.0
unit.000124,generate_MD_stage,4,259019149,50.0,1000,50.0
unit.000125,generate_MD_stage,4,259019160,50.0,1000,50.0
unit.000126,generate_MD_stage,4,259019145,50.0,1000,50.0
unit.000127,generate_MD_stage,4,259019147,50.0,1000,50.0
unit.000128,generate_MD_stage,4,259019122,50.0,1000,50.0
unit.000129,generate_MD_stage,4,259019150,50.0,1000,50.0
unit.000130,generate_MD_stage,4,259019174,50.0,1000,50.0
unit.000131,generate_MD_stage,4,259019165,50.0,1000,50.0
unit.000132,generate_MD_stage,4,259019172,50.0,1000,50.0
unit.000133,generate_MD_stage,4,259019194,50.0,1000,50.0
unit.000134,generate_MD_stage,4,259019157,50.0,1000,50.0
unit.000135,generate_MD_stage,4,259019195,50.0,1000,50.0
unit.000136,generate_MD_stage,4,259019138,50.0,1000,50.0
unit.000137,generate_MD_stage,4,259019127,50.0,1000,50.0
unit.000138,generate_MD_stage,4,259019167,50.0,1000,50.0
unit.000139,generate_MD_stage,4,259019102,50.0,1000,50.0
unit.000140,generate_MD_stage,4,259019176,50.0,1000,50.0
unit.000141,generate_MD_stage,4,259019168,50.0,1000,50.0
unit.000142,generate_MD_stage,4,259019157,50.0,1000,50.0
unit.000143,generate_MD_stage,4,259019121,50.0,1000,50.0
unit.000144,generate_MD_stage,4,259019190,50.0,1000,50.0
unit.000145,generate_MD_stage,4,259019170,50.0,1000,50.0
unit.000146,generate_MD_stage,4,259019156,50.0,1000,50.0
unit.000147,generate_MD_stage,4,259019107,50.0,1000,50.0
unit.000148,generate_MD_stage,4,259019173,50.0,1000,50.0
unit.000149,generate_MD_stage,4,259019147,50.0,1000,50.0
unit.000150,generate_MD_stage,4,259019160,50.0,1000,50.0
unit.000151,generate_MD_stage,4,259019161,50.0,1000,50.0
unit.000152,generate_MD_stage,4,259019112,50.0,1000,50.0
unit.000153,generate_MD_stage,4,259019139,50.0,1000,50.0
unit.000154,generate_MD_stage,4,259019145,50.0,1000,50.0
unit.000155,generate_MD_stage,4,259019151,50.0,1000,50.0
unit.000156,generate_MD_stage,4,259019196,50.0,1000,50.0
unit.000157,generate_MD_stage,4,259019154,50.0,1000,50.0
unit.000158,generate_MD_stage,4,259019162,50.0,1000,50.0
unit.000159,generate_MD_stage,4,259019181,50.0,1000,50.0
unit.000160,generate_MD_stage,4,259019167,50.0,1000,50.0
unit.000161,generate_MD_stage,4,259019169,50.0,1000,50.0
unit.000162,generate_MD_stage,4,259019160,50.0,1000,50.0
unit.000163,generate_MD_stage,4,259019113,50.0,1000,50.0
unit.000164,generate_MD_stage,4,259019166,50.0,1000,50.0
unit.000165,generate_MD_stage,4,259019155,50.0,1000,50.0
unit.000166,generate_MD_stage,4,259019160,50.0,1000,50.0
unit.000167,generate_MD_stage,4,259019165,50.0,1000,50.0
unit.000168,generate_MD_stage,4,259019172,50.0,1000,50.0
unit.000169,generate_MD_stage,4,259019173,50.0,1000,50.0
unit.000170,generate_MD_stage,4,259019177,50.0,1000,50.0
unit.000171,generate_MD_stage,4,259019142,50.0,1000,50.0
unit.000172,generate_MD_stage,4,259019114,50.0,1000,50.0
unit.000173,generate_MD_stage,4,259019181,50.0,1000,50.0
unit.000174,generate_MD_stage,4,259019180,50.0,1000,50.0
unit.000175,generate_MD_stage,4,259019154,50.0,1000,50.0
unit.000176,generate_MD_stage,4,259019133,50.0,1000,50.0
unit.000177,generate_MD_stage,4,259019186,50.0,1000,50.0
unit.000178,generate_MD_stage,4,259019160,50.0,1000,50.0
unit.000179,generate_MD_stage,4,259019138,50.0,1000,50.0
unit.000180,generate_MD_stage,4,259019171,50.0,1000,50.0
unit.000181,generate_MD_stage,4,259019161,50.0,1000,50.0
unit.000182,generate_MD_stage,4,259019169,50.0,1000,50.0
unit.000183,generate_MD_stage,4,259019168,50.0,1000,50.0
unit.000184,generate_MD_stage,4,259019152,50.0,1000,50.0
unit.000185,generate_MD_stage,4,259019181,50.0,1000,50.0
unit.000186,generate_MD_stage,4,259019131,50.0,1000,50.0
unit.000187,generate_MD_stage,4,259019151,50.0,1000,50.0
unit.000188,generate_MD_stage,4,259019108,50.0,1000,50.0
unit.000189,generate_MD_stage,4,259019166,50.0,1000,50.0
unit.000190,generate_MD_stage,4,259019147,50.0,1000,50.0
unit.000191,generate_MD_stage,4,259019149,50.0,1000,50.0
unit.000192,generate_MD_stage,4,259019161,50.0,1000,50.0
unit.000193,generate_MD_stage,4,259019134,50.0,1000,50.0
unit.000194,generate_MD_stage,4,259019162,50.0,1000,50.0
unit.000195,generate_MD_stage,4,259019175,50.0,1000,50.0
unit.000196,generate_MD_stage,4,259019147,50.0,1000,50.0
unit.000197,generate_MD_stage,4,259019169,50.0,1000,50.0
unit.000198,generate_MD_stage,4,259019185,50.0,1000,50.0
unit.000199,generate_MD_stage,4,259019155,50.0,1000,50.0
unit.000200,generate_MD_stage,4,259019170,50.0,1000,50.0
unit.000201,generate_MD_stage,4,259019171,50.0,1000,50.0
unit.000202,generate_MD_stage,4,259019165,50.0,1000,50.0
unit.000203,generate_MD_stage,4,259019169,50.0,1000,50.0
unit.000204,generate_MD_stage,4,259019171,50.0,1000,50.0
unit.000205,generate_MD_stage,4,259019144,50.0,1000,50.0
unit.000206,generate_MD_stage,4,259019207,50.0,1000,50.0
unit.000207,generate_MD_stage,4,259019153,50.0,1000,50.0
unit.000208,generate_MD_stage,4,259019162,50.0,1000,50.0
unit.000209,generate_MD_stage,4,259019201,50.0,1000,50.0
unit.000210,generate_MD_stage,4,259019162,50.0,1000,50.0
unit.000211,generate_MD_stage,4,259019154,50.0,1000,50.0
unit.000212,generate_MD_stage,4,259019109,50.0,1000,50.0
unit.000213,generate_MD_stage,4,259019173,50.0,1000,50.0
unit.000214,generate_MD_stage,4,259019178,50.0,1000,50.0
unit.000215,generate_MD_stage,4,259019145,50.0,1000,50.0
unit.000216,generate_MD_stage,4,259019173,50.0,1000,50.0
unit.000217,generate_MD_stage,4,259019129,50.0,1000,50.0
unit.000218,generate_MD_stage,4,259019176,50.0,1000,50.0
unit.000219,generate_MD_stage,4,259019133,50.0,1000,50.0
unit.000220,generate_MD_stage,4,259019162,50.0,1000,50.0
unit.000221,generate_MD_stage,4,259019172,50.0,1000,50.0
unit.000222,generate_MD_stage,4,259019168,50.0,1000,50.0
unit.000223,generate_MD_stage,4,259019161,50.0,1000,50.0
unit.000224,generate_MD_stage,4,259019130,50.0,1000,50.0
unit.000225,generate_MD_stage,4,259019152,50.0,1000,50.0
unit.000226,generate_MD_stage,4,259019140,50.0,1000,50.0
unit.000227,generate_MD_stage,4,259019160,50.0,1000,50.0
unit.000228,generate_MD_stage,4,259019151,50.0,1000,50.0
unit.000229,generate_MD_stage,4,259019141,50.0,1000,50.0
unit.000230,generate_MD_stage,4,259019155,50.0,1000,50.0
unit.000231,generate_MD_stage,4,259019164,50.0,1000,50.0
unit.000232,generate_MD_stage,4,259019151,50.0,1000,50.0
unit.000233,generate_MD_stage,4,259019177,50.0,1000,50.0
unit.000234,generate_MD_stage,4,259019176,50.0,1000,50.0
unit.000235,generate_MD_stage,4,259019139,50.0,1000,50.0
unit.000236,generate_MD_stage,4,259019138,50.0,1000,50.0
unit.000237,generate_MD_stage,4,259019132,50.0,1000,50.0
unit.000238,generate_MD_stage,4,259019151,50.0,1000,50.0
unit.000239,generate_MD_stage,4,259019190,50.0,1000,50.0
unit.000240,generate_aggregating_stage,0,0,0,0,50.0
unit.000241,generate_ML_stage,3,44530944,0,0,0
unit.000242,generate_ML_stage,3,44543232,0,0,0
unit.000243,generate_ML_stage,3,44552448,0,0,0
unit.000244,generate_ML_stage,3,44527872,0,0,0
unit.000245,generate_ML_stage,3,44540160,0,0,0
unit.000246,generate_ML_stage,3,44534016,0,0,0
unit.000247,generate_ML_stage,3,44546304,0,0,0
unit.000248,generate_ML_stage,3,44549376,0,0,0
unit.000249,generate_ML_stage,3,44537088,0,0,0
unit.000250,generate_ML_stage,3,44523872,0,0,0
unit.000251,generate_interfacing_stage,0,0,0,0,0
